name,speciality,hospital,city,timestamp
"dr. Achmad Firdaus Sani, Sp.S",Sp. Saraf,RS Mitra Keluarga Surabaya,"Sukomanunggal, Kota Surabaya",2025-05-23 15:13:51
"dr. Adisti Prafica P, Sp.N",Sp. Saraf,Siloam Hospitals Mataram,"Mataram, Kota Mataram",2025-05-23 15:13:51
"Dr. dr. Agus Setiawan Solichien, Sp.S",Sp. Saraf,RS Mitra Keluarga Cibubur,"Jatisampurna, Bekasi",2025-05-23 15:13:51
"dr. Agus Suriadi Wijaya , Sp.N",Sp. Saraf,RS Mitra Keluarga Kemayoran,"Kemayoran, Jakarta Pusat",2025-05-23 15:13:51
"dr. Agus Yudawijaya, Sp.S, Msi.Med",Sp. Saraf,Mayapada Hospital Jakarta Selatan,"Cilandak, Jakarta Selatan",2025-05-23 15:13:51
"dr. Agustinus Iskandar, Sp.S",Sp. Saraf,RS Mitra Keluarga Surabaya,"Sukomanunggal, Kota Surabaya",2025-05-23 15:13:51
"dr. Aida Fitri, Sp.S (K)",Sp. Saraf,Siloam Hospitals Dhirga Surya Medan,"Medan Petisah, Kota Medan",2025-05-23 15:13:51
"dr. Amin Husni Sp.N (K), MSc",Sp. Saraf,RS Telogorejo,"Semarang Tengah, Kota Semarang",2025-05-23 15:13:51
"dr. Ana Fresia, MKed(Neu), SpS",Sp. Saraf,RS Mitra Medika Premier,"Medan Petisah, Kota Medan",2025-05-23 15:13:51
"dr. Ana Presia, MKed(Neu), SpS",Sp. Saraf,RS Mitra Medika Premier,"Medan Petisah, Kota Medan",2025-05-23 15:13:51
"dr. Andina Yuliani, Sp.S",Sp. Saraf,Mayapada Hospital Surabaya,"Sawahan, Kota Surabaya",2025-05-23 15:13:53
"dr. Andreas Prasadja , RPSGT",Sp. Saraf,RS Mitra Keluarga Kemayoran,"Kemayoran, Jakarta Pusat",2025-05-23 15:13:53
"dr. Andrie Gunawan, Sp.S",Sp. Saraf,Mayapada Hospital Kuningan,"Setiabudi, Jakarta Selatan",2025-05-23 15:13:53
"dr. Andry, Sp.N",Sp. Saraf,Siloam Hospitals Sriwijaya Palembang,"Ilir Barat I, Kota Palembang",2025-05-23 15:13:53
"dr. Angela Gracia, Sp.S",Sp. Saraf,Siloam Hospitals Makassar,"Ujung Pandang, Kota Makassar",2025-05-23 15:13:53
"dr. Anne Dina Soebroto, Sp.S",Sp. Saraf,MRCCC Siloam Hospitals Semanggi,"Setiabudi, Jakarta Selatan",2025-05-23 15:13:53
"dr. Anyeliria Sutanto, Sp.S",Sp. Saraf,Siloam Hospitals Lippo Village,"Kelapa Dua, Kabupaten Tangerang",2025-05-23 15:13:53
dr. Aprilia Sp.S,Sp. Saraf,RS Bina Husada,"Cibinong, Kabupaten Bogor",2025-05-23 15:13:53
Aprilia Dompas Sp.N,Sp. Saraf,RS Mitra Keluarga Pamulang,"Pamulang, Tangerang Selatan",2025-05-23 15:13:53
"dr. Apriyanti Purwaningsih, Sp.S, M.Kes",Sp. Saraf,RS Mitra Keluarga Gading Serpong,"Pagedangan, Kabupaten Tangerang",2025-05-23 15:13:53
dr Ar Rasyid Sp. S,Sp. Saraf,RS Prikasih,"Cilandak, Jakarta Selatan",2025-05-23 15:13:55
"dr. Ashari Bahar, Sp.S., FINS., M.Kes",Sp. Saraf,Siloam Hospitals Makassar,"Ujung Pandang, Kota Makassar",2025-05-23 15:13:55
Astrid Ayodya Pattinama Sp.N,Sp. Saraf,RS EMC Pekayon,"Bekasi Selatan, Bekasi",2025-05-23 15:13:55
"dr. Audhy Tanasal, Sp.S",Sp. Saraf,RS Mitra Keluarga Bintaro,"Pondok Aren, Tangerang Selatan",2025-05-23 15:13:55
"dr. Ayu Trisnawati, Sp.S, M.Biomed",Sp. Saraf,RS Mitra Keluarga Kalideres,"Kalideres, Jakarta Barat",2025-05-23 15:13:55
"dr. Bastian, Sp.S",Sp. Saraf,RS Mitra Keluarga Bekasi,"Bekasi Selatan, Bekasi",2025-05-23 15:13:55
"dr. Betsy Kalianda, Sp.S",Sp. Saraf,Siloam Hospitals Kebon Jeruk,"Kebon Jeruk, Jakarta Barat",2025-05-23 15:13:55
"dr. Biati Widjaja, Sp.S",Sp. Saraf,RS Mitra Keluarga Waru,"Waru, Kabupaten Sidoarjo",2025-05-23 15:13:55
"dr. Caroline Anne Monigoei, Sp.S",Sp. Saraf,Siloam Hospitals Manado,"Wenang, Kota Manado",2025-05-23 15:13:55
"dr. Cep Juli, Sp.S",Sp. Saraf,Mayapada Hospital Bandung,"Bandung Kidul, Kota Bandung",2025-05-23 15:13:55
"dr. Condrad MP Pasaribu, Sp.N (K), FINS",Sp. Saraf,Mayapada Hospital Bandung,"Bandung Kidul, Kota Bandung",2025-05-23 15:13:57
"dr. Corry Novita Mahama, Sp.S (K)",Sp. Saraf,Siloam Hospitals Manado,"Wenang, Kota Manado",2025-05-23 15:13:57
DR Elisabeth Sembiring Sp S,Sp. Saraf,RS Murni Teguh Horas Insani,"Siantar Martoba, Kota Pematangsiantar",2025-05-23 15:13:57
"DR dr. Endang Kustiowati Sp. S(K), Msi , Med",Sp. Saraf,RS Telogorejo,"Semarang Tengah, Kota Semarang",2025-05-23 15:13:57
"DR. Paulus Anam Ong, dr., Sp.S (K)",Sp. Saraf,RS Advent Bandung,"Coblong, Kota Bandung",2025-05-23 15:13:57
"dr. Daniel Thomas Suryadisastra, Sp.S-RPSGT",Sp. Saraf,Siloam Hospitals Lippo Village,"Kelapa Dua, Kabupaten Tangerang",2025-05-23 15:13:57
Dr. Darma Imran Sp.N,Sp. Saraf,RS Pondok Indah - Pondok Indah,"Kebayoran Lama, Jakarta Selatan",2025-05-23 15:13:57
dr. Debby Amelia Sp. N,Sp. Saraf,RS Satya Negara,"Tanjung Priok, Jakarta Utara",2025-05-23 15:13:57
"dr. Debby Amelia, Sp.S",Sp. Saraf,RS Mitra Keluarga Gading Serpong,"Pagedangan, Kabupaten Tangerang",2025-05-23 15:13:57
"Dr. Debby Amelia, SpS",Sp. Saraf,RS Satya Negara,"Tanjung Priok, Jakarta Utara",2025-05-23 15:13:57
"dr. Deddy Andaka, M.Biomed., SpS, FINR",Sp. Saraf,BIMC Hospitals Nusa Dua,"Kuta Selatan, Kabupaten Badung",2025-05-23 15:14:00
"dr. Dedeh Supantini, Sp.S",Sp. Saraf,RS Immanuel,"Bojongloa Kidul, Kota Bandung",2025-05-23 15:14:00
"dr. Devi Ariani Sudibyo, Sp.S (K)",Sp. Saraf,RS Mitra Keluarga Pondok Tjandra,"Waru, Kabupaten Sidoarjo",2025-05-23 15:14:00
"dr. Devina Irawan, SpS",Sp. Saraf,RS Mitra Keluarga Kenjeran,"Mulyorejo, Kota Surabaya",2025-05-23 15:14:00
"dr. Dewanta Sembiring, Sp.S",Sp. Saraf,Siloam Hospitals Bogor,"Bogor Tengah, Bogor",2025-05-23 15:14:00
"dr. Dewi Hastuty, Sp.S",Sp. Saraf,RS Mitra Keluarga Pratama Jatiasih,"Jatiasih, Bekasi",2025-05-23 15:14:00
"dr. Dewi Ratih Cahyani, Sp.S",Sp. Saraf,Mayapada Hospital Bogor,"Bogor Timur, Bogor",2025-05-23 15:14:00
"Dhayu Mart Hindrasyah Pandia , MKed (Neu), Sp.N",Sp. Saraf,RS Mitra Keluarga Pamulang,"Pamulang, Tangerang Selatan",2025-05-23 15:14:00
"dr. Dina Listyaningrum, Sp.S",Sp. Saraf,RS Mitra Keluarga Gading Serpong,"Pagedangan, Kabupaten Tangerang",2025-05-23 15:14:00
"dr. Dina Meliana, Sp.S",Sp. Saraf,Siloam Hospitals TB Simatupang,"Cilandak, Jakarta Selatan",2025-05-23 15:14:00
"Prof.Dr.dr. Doddy M Soebadi ,Sp.B,SpU(K)","Sp. Saraf, Sp. Urologi",RS Mitra Keluarga Surabaya,"Sukomanunggal, Kota Surabaya",2025-05-23 15:14:02
"dr. Dorothea Fortuna Meita Caturwulan, Sp.S",Sp. Saraf,Siloam Hospitals Purwakarta,"Bungursari, Kabupaten Purwakarta",2025-05-23 15:14:02
"Dr. David, Sp. N",Sp. Saraf,RS Simulasi Halodoc,"Setiabudi, Jakarta Selatan",2025-05-23 15:14:02
"Dr. Yeremia Tatang, Sp.N",Sp. Saraf,Tzu Chi Hospital,"Penjaringan, Jakarta Utara",2025-05-23 15:14:02
"Dr.Reza Handry Pratama, Sp.N",Sp. Saraf,RSU Islam Klaten,"Klaten Utara, Kab Klaten",2025-05-23 15:14:02
Dr.dr. Agus Turchan Sp.BS(K),Sp. Saraf,RS Adi Husada Undaan Wetan,"Genteng, Kota Surabaya",2025-05-23 15:14:02
"dr. Dwi Asep Rianto Fani, Sp.S",Sp. Saraf,Siloam Hospitals Bangka,"Pangkalan Baru,  Kabupaten Bangka Tengah",2025-05-23 15:14:02
"dr. Edison, Sp.S",Sp. Saraf,Mayapada Hospital Bogor,"Bogor Timur, Bogor",2025-05-23 15:14:02
"dr. Ekawati Dani Yulianti, Sp.S",Sp. Saraf,MRCCC Siloam Hospitals Semanggi,"Setiabudi, Jakarta Selatan",2025-05-23 15:14:02
"dr. Ekawati Dani, Sp.S",Sp. Saraf,MRCCC Siloam Hospitals Semanggi,"Setiabudi, Jakarta Selatan",2025-05-23 15:14:02
dr. Elfa Sp. S,Sp. Saraf,RSU Menteng Mitra Afia,"Menteng, Jakarta Pusat",2025-05-23 15:14:04
"dr. Elta Diah Pasmanasari, Sp.S, MSi. Med",Sp. Saraf,Siloam Hospitals Semarang,"Semarang Selatan, Kota Semarang",2025-05-23 15:14:04
dr. Eny Nurhayati Sp.S,Sp. Saraf,RS Lira Medika,"Karawang Timur, Kabupaten Karawang",2025-05-23 15:14:04
"dr. Eric Tanoto, Sp.N",Sp. Saraf,RS Mitra Keluarga Pondok Tjandra,"Waru, Kabupaten Sidoarjo",2025-05-23 15:14:04
dr. Eric Hartono Tedyanto Sp.N.,Sp. Saraf,RS Mitra Keluarga Kenjeran,"Mulyorejo, Kota Surabaya",2025-05-23 15:14:04
"dr. Erwan Wijaya Putra Sianipar, Sp.S",Sp. Saraf,Siloam Hospitals Sentosa Bekasi,"Bekasi Timur, Bekasi",2025-05-23 15:14:04
"dr. Eudon Muliawan, Sp.N",Sp. Saraf,RS Mitra Keluarga Delta Mas,"Cikarang Pusat, Kabupaten Bekasi",2025-05-23 15:14:04
"dr. Everhardus Sebastian Sitompul, Sp.S",Sp. Saraf,RS Mitra Keluarga Cibubur,"Jatisampurna, Bekasi",2025-05-23 15:14:04
dr. Everhardus Sebastian Sp.S.,Sp. Saraf,RS Mitra Keluarga Cibubur,"Jatisampurna, Bekasi",2025-05-23 15:14:04
"dr. Evlyne Erlyana Suryawijaya, Sp.S",Sp. Saraf,Siloam Hospitals Lippo Village,"Kelapa Dua, Kabupaten Tangerang",2025-05-23 15:14:04
dr. F Yudiarta Berman Sp.N.,Sp. Saraf,RS Mitra Keluarga Kelapa Gading,"Kelapa Gading, Jakarta Utara",2025-05-23 15:14:07
dr. Farida Hutahuruk Sp.N,Sp. Saraf,Rspad Gatot Subroto (Paviliun),"Senen, Jakarta Pusat",2025-05-23 15:14:07
dr. Fariqa Hutahuruk Sp.S,Sp. Saraf,Rspad Gatot Subroto (Paviliun),"Senen, Jakarta Pusat",2025-05-23 15:14:07
Dr. Felix Adrian Sp N,Sp. Saraf,RS Abdi Waluyo,"Menteng, Jakarta Pusat",2025-05-23 15:14:07
"dr. Felix Adrian D., B.Med.Sci Sp.N",Sp. Saraf,RS Abdi Waluyo,"Menteng, Jakarta Pusat",2025-05-23 15:14:07
"dr. Felix Adrian D., B.Med.Sci Sp.N",Sp. Saraf,RS Abdi Waluyo,"Menteng, Jakarta Pusat",2025-05-23 15:14:07
"dr. Felix Adrian, B.med.Sci Sp.N",Sp. Saraf,RS Abdi Waluyo,"Menteng, Jakarta Pusat",2025-05-23 15:14:07
"Dr. Ferrdy Pratama Wijaya Sp.N, AIFO-K",Sp. Saraf,RS Mitra Keluarga Kalideres,"Kalideres, Jakarta Barat",2025-05-23 15:14:07
"dr. Fran Efendy, Sp.N",Sp. Saraf,RS Mitra Keluarga Pratama Jatiasih,"Jatiasih, Bekasi",2025-05-23 15:14:07
"dr. Frandy Susatia, Sp.S",Sp. Saraf,Siloam Hospitals Kebon Jeruk,"Kebon Jeruk, Jakarta Barat",2025-05-23 15:14:07
"dr. Fritz Sumantri Usman, Sp.S, FINS",Sp. Saraf,RS Mitra Keluarga Bekasi Timur,"Bekasi Timur, Bekasi",2025-05-23 15:14:09
"dr. Gabriel Feederikus Goleng, Sp.S, FIN",Sp. Saraf,RS Sentra Medika Cikarang,"Cikarang Utara, Kabupaten Bekasi",2025-05-23 15:14:09
"dr. Gian Gunarti Paramitha, Sp.S., M.Kes",Sp. Saraf,Mayapada Hospital Bandung,"Bandung Kidul, Kota Bandung",2025-05-23 15:14:09
"dr. Gilbert Tangkudung, Sp.S., FINS",Sp. Saraf,Siloam Hospitals Manado,"Wenang, Kota Manado",2025-05-23 15:14:09
"dr. Girianto Tjandrawidjaja, Sp.S",Sp. Saraf,Siloam Hospitals Lippo Village,"Kelapa Dua, Kabupaten Tangerang",2025-05-23 15:14:09
"dr. Gracia Meliana Tanoyo, Sp.S",Sp. Saraf,BIMC Hospitals Nusa Dua,"Kuta Selatan, Kabupaten Badung",2025-05-23 15:14:09
"dr. Gusti Ayu Putu Yunihati, Sp.S",Sp. Saraf,RS Mitra Keluarga Bekasi Timur,"Bekasi Timur, Bekasi",2025-05-23 15:14:09
"dr. Hadi Widjaja, Sp.S",Sp. Saraf,Siloam Hospitals Kebon Jeruk,"Kebon Jeruk, Jakarta Barat",2025-05-23 15:14:09
"Dr. dr. Hanik B. Hidayati, Sp.N, Subsp.NN-NK",Sp. Saraf,RS Mitra Keluarga Surabaya,"Sukomanunggal, Kota Surabaya",2025-05-23 15:14:09
"dr. Hartono Alam, Sp.N",Sp. Saraf,Mayapada Hospital Tangerang,"Tangerang, Tangerang",2025-05-23 15:14:09
"dr. Hartono Alam, Sp.S",Sp. Saraf,Mayapada Hospital Tangerang,"Tangerang, Tangerang",2025-05-23 15:14:11
"dr. Hartono Prabowo, Sp.S",Sp. Saraf,Mayapada Hospital Tangerang,"Tangerang, Tangerang",2025-05-23 15:14:11
"dr. Hendy Million Samin, Sp.S",Sp. Saraf,Siloam Hospitals Dhirga Surya Medan,"Medan Petisah, Kota Medan",2025-05-23 15:14:11
"dr. Hermanto Swatan, Sp.S",Sp. Saraf,RS Mitra Keluarga Kenjeran,"Mulyorejo, Kota Surabaya",2025-05-23 15:14:11
"dr. I Bagus Wiweka Sastrawan, Sp.S",Sp. Saraf,RS Mitra Keluarga Depok,"Pancoran Mas, Depok",2025-05-23 15:14:11
"dr. Ika Sedar Wasis Sasono, Sp.N",Sp. Saraf,Siloam Hospitals Jember,"Kaliwates, Kabupaten Jember",2025-05-23 15:14:11
"dr. Immaculata Adisetyati Widiasmaningrum, Sp.S",Sp. Saraf,Siloam Hospitals Cinere ( RS Khusus Jantung Diagram Depok),"Cinere, Depok",2025-05-23 15:14:11
dr. Immalucata Adisetyati Widiasmaningrum Sp.N,Sp. Saraf,RS Mitra Keluarga Bintaro,"Pondok Aren, Tangerang Selatan",2025-05-23 15:14:11
"dr. Irene Halim Subrata, Sp.N",Sp. Saraf,Siloam Hospitals Sentosa Bekasi,"Bekasi Timur, Bekasi",2025-05-23 15:14:11
"dr. Iskandar Nasution, Sp.S., FINS",Sp. Saraf,Siloam Hospitals Dhirga Surya Medan,"Medan Petisah, Kota Medan",2025-05-23 15:14:11
"dr. Jane Margaretha Kurniawan, Sp.N",Sp. Saraf,Santosa Hospital Bandung Central,"Andir, Kota Bandung",2025-05-23 15:14:13
"dr. Jeffri Indra Setiawan, Sp.N",Sp. Saraf,RS Mitra Keluarga Cikarang,"Cikarang Utara, Kabupaten Bekasi",2025-05-23 15:14:13
"dr. Jerry Hartawan Saputra, Sp.S., M.Si.Med",Sp. Saraf,Siloam Hospitals Putera Bahagia Cirebon,"Harjamukti, Kota Cirebon",2025-05-23 15:14:13
"dr. Jimmi Sabirin, Sp.S",Sp. Saraf,Charitas Hospital Palembang,"Ilir Timur I, Kota Palembang",2025-05-23 15:14:13
"dr. Johan Akbari Sp.N, FIPM, S.H, MARS, CMC",Sp. Saraf,RS EMC Pekayon,"Bekasi Selatan, Bekasi",2025-05-23 15:14:13
"dr. Johanes Stefanus Singoreto Widjaja, Sp.S",Sp. Saraf,RS Mitra Keluarga Surabaya,"Sukomanunggal, Kota Surabaya",2025-05-23 15:14:13
dr. Josep Rio Rambe Sp.N,Sp. Saraf,RSU San Medical Center,"Cikampek, Kabupaten Karawang",2025-05-23 15:14:13
"dr. Juliana Charlotte Maria Abadi, Sp.S",Sp. Saraf,Siloam Hospitals Makassar,"Ujung Pandang, Kota Makassar",2025-05-23 15:14:13
"dr. Karolina Margareta Margono, Sp.S",Sp. Saraf,Siloam Hospitals Mampang,"Pancoran, Jakarta Selatan",2025-05-23 15:14:13
"dr. Kathleen Valentina Kawilarang , Sp.N, AIFO-K",Sp. Saraf,RS Mitra Keluarga Pondok Tjandra,"Waru, Kabupaten Sidoarjo",2025-05-23 15:14:13
"dr. Kumara Tini, Sp.S, FINS",Sp. Saraf,Siloam Hospitals Denpasar,"Kuta, Kabupaten Badung",2025-05-23 15:14:15
dr. Laresi Indah Sonata Sp. N Sp. N,Sp. Saraf,Alia Hospital Depok,"Pancoran Mas, Depok",2025-05-23 15:14:15
"dr. Lidya Agustina, M.Si.Med, Sp.S",Sp. Saraf,Mayapada Hospital Bogor,"Bogor Timur, Bogor",2025-05-23 15:14:15
"dr. Lidya Aprilina, Sp.S",Sp. Saraf,Siloam Hospitals Sriwijaya Palembang,"Ilir Barat I, Kota Palembang",2025-05-23 15:14:15
"dr. Lifea, Sp.S",Sp. Saraf,BIMC Hospitals Kuta,"Kuta, Kabupaten Badung",2025-05-23 15:14:15
"dr. Lilian Triana Limoa, Sp.S, M.Kes",Sp. Saraf,Siloam Hospitals Makassar,"Ujung Pandang, Kota Makassar",2025-05-23 15:14:15
"dr. Lilie Lalisang, Sp.S",Sp. Saraf,Siloam Hospitals Lippo Village,"Kelapa Dua, Kabupaten Tangerang",2025-05-23 15:14:15
dr. Lilis Lailarang SpN,Sp. Saraf,Siloam Hospitals Agora,"Cempaka Putih, Jakarta Pusat",2025-05-23 15:14:15
"dr. Lina Kamarga, Sp.S",Sp. Saraf,Siloam Hospitals Lippo Cikarang,"Cikarang Selatan, Kabupaten Bekasi",2025-05-23 15:14:15
"dr. Linardi Widjaja, Sp.S (K)",Sp. Saraf,Siloam Hospitals Surabaya,"Gubeng, Kota Surabaya",2025-05-23 15:14:15
"dr. Locoporta Agung , Sp.N",Sp. Saraf,RS Mitra Keluarga Pondok Tjandra,"Waru, Kabupaten Sidoarjo",2025-05-23 15:14:17
"dr. Lucia Anggraini, Sp.S",Sp. Saraf,Siloam Hospitals Bogor,"Bogor Tengah, Bogor",2025-05-23 15:14:17
"dr. Made Ayu Harningsih Sunada, Sp.S. Sp.S.",Sp. Saraf,Persada Hospital,"Blimbing, Kota Malang",2025-05-23 15:14:17
"dr. Made Rudy, Sp.S",Sp. Saraf,Siloam Hospitals Denpasar,"Kuta, Kabupaten Badung",2025-05-23 15:14:17
"dr. Maria Arasen, Sp.S",Sp. Saraf,RS Mitra Keluarga Kalideres,"Kalideres, Jakarta Barat",2025-05-23 15:14:17
dr. Maria Ardelia Purwaningrum Sp.S,Sp. Saraf,Siloam Hospitals ASRI,"Pancoran, Jakarta Selatan",2025-05-23 15:14:17
"dr. Maria Christien Agustie, Sp.S",Sp. Saraf,RS Mitra Keluarga Cikarang,"Cikarang Utara, Kabupaten Bekasi",2025-05-23 15:14:17
"dr. Maria Putri Utami, Sp.N",Sp. Saraf,Siloam Hospitals Bekasi Sepanjang Jaya,"Rawalumbu, Bekasi",2025-05-23 15:14:17
"dr. Maria Thessarina Sitepu, Sp.S",Sp. Saraf,Siloam Hospitals Dhirga Surya Medan,"Medan Petisah, Kota Medan",2025-05-23 15:14:17
"dr. Mariana Sutopo, Sp.N",Sp. Saraf,RS Mitra Keluarga Surabaya,"Sukomanunggal, Kota Surabaya",2025-05-23 15:14:17
"dr. Marthin Tori, Sp.S",Sp. Saraf,Siloam Hospitals Palangka Raya,"Pahandut, Kota Palangka Raya",2025-05-23 15:14:19
dr. Meilia Muliati Suriadi Sp.S,Sp. Saraf,RS Santo Borromeus,"Coblong, Kota Bandung",2025-05-23 15:14:19
dr. Melia Mutiara Surjadi Sp.S,Sp. Saraf,RS Santo Borromeus,"Coblong, Kota Bandung",2025-05-23 15:14:19
"dr. Metta Yani, Sp.S",Sp. Saraf,RS Mitra Keluarga Kemayoran,"Kemayoran, Jakarta Pusat",2025-05-23 15:14:19
"dr. Mohamad Imam Santoso, Sp.S",Sp. Saraf,RS Mitra Keluarga Kalideres,"Kalideres, Jakarta Barat",2025-05-23 15:14:19
"dr. Mohammad Arief Rachman Kemal A.S., Sp.S",Sp. Saraf,Siloam Hospitals ASRI,"Pancoran, Jakarta Selatan",2025-05-23 15:14:19
"dr. Murti Astuti, Sp.S",Sp. Saraf,Siloam Hospitals Purwakarta,"Bungursari, Kabupaten Purwakarta",2025-05-23 15:14:19
dr. Nana Suyatna Sp.S.,Sp. Saraf,RS Bina Husada,"Cibinong, Kabupaten Bogor",2025-05-23 15:14:19
"dr. Nino Widjayanto, Sp.N",Sp. Saraf,Eka Hospital Bekasi,"Tarumajaya, Kabupaten Bekasi",2025-05-23 15:14:19
"dr. Noer Hasianni Mercy Lumban Tobing, Sp.S",Sp. Saraf,Siloam Hospitals Bekasi Timur,"Bekasi Timur, Bekasi",2025-05-23 15:14:19
"Dr. dr. Nyoman Golden, Sp.BS (K)",Sp. Saraf,Kasih Ibu Hospital Denpasar,"Denpasar Barat, Kota Denpasar",2025-05-23 15:14:21
"dr. Oki Haryanto, Sp.S",Sp. Saraf,RS Immanuel,"Bojongloa Kidul, Kota Bandung",2025-05-23 15:14:21
dr. Oktavianus Tambun Sp.N,Sp. Saraf,Siloam Hospitals Silampari (Lubuk Linggau),"Lubuk Linggau Timur I, Kota Lubuk Linggau",2025-05-23 15:14:21
"dr. Olivia Mahardani Adam, Sp.S",Sp. Saraf,Siloam Hospitals Surabaya,"Gubeng, Kota Surabaya",2025-05-23 15:14:21
"dr. Parlin Susanto , Sp.N",Sp. Saraf,RS Mitra Keluarga Kemayoran,"Kemayoran, Jakarta Pusat",2025-05-23 15:14:21
"dr. Paulus Sugianto, Sp.S (K)",Sp. Saraf,RS Mitra Keluarga Surabaya,"Sukomanunggal, Kota Surabaya",2025-05-23 15:14:21
"dr. Peter Gunawan Ng, Sp.S",Sp. Saraf,Siloam Hospitals TB Simatupang,"Cilandak, Jakarta Selatan",2025-05-23 15:14:21
"dr. Poppy Chandra Dewi Oetoyo, Sp.S",Sp. Saraf,Siloam Hospitals Cinere ( RS Khusus Jantung Diagram Depok),"Cinere, Depok",2025-05-23 15:14:21
"dr. Pricilla Yani Gunawan, Sp.S",Sp. Saraf,Siloam Hospitals Lippo Village,"Kelapa Dua, Kabupaten Tangerang",2025-05-23 15:14:21
"dr. Prita Aulia Nastaghfiruka, Sp.N",Sp. Saraf,RS Mitra Keluarga Kenjeran,"Mulyorejo, Kota Surabaya",2025-05-23 15:14:21
Prof.Dr.dr. Abdul Hafid Bajamal Sp.BS(K),Sp. Saraf,RS Adi Husada Undaan Wetan,"Genteng, Kota Surabaya",2025-05-23 15:14:23
"dr. Pudji Sugianto, Sp.S",Sp. Saraf,Siloam Hospitals Lippo Cikarang,"Cikarang Selatan, Kabupaten Bekasi",2025-05-23 15:14:23
"dr. Raden Chandra Selandiawidiasmoro, Sp.S",Sp. Saraf,Siloam Hospitals Bekasi Sepanjang Jaya,"Rawalumbu, Bekasi",2025-05-23 15:14:23
"dr. Raesa Yolanda, Sp.N, M.Kes",Sp. Saraf,RS Mitra Keluarga Kemayoran,"Kemayoran, Jakarta Pusat",2025-05-23 15:14:23
"dr. Ratri Wulandari Susilaningrum, Sp.N",Sp. Saraf,Siloam Hospitals Silampari (Lubuk Linggau),"Lubuk Linggau Timur I, Kota Lubuk Linggau",2025-05-23 15:14:23
dr. Reggy Panggabean Sp.S(K),Sp. Saraf,RS Santo Borromeus,"Coblong, Kota Bandung",2025-05-23 15:14:23
"dr. Retina Nariswari Tantra B, Sp.N",Sp. Saraf,RSU Syubbanul Wathon,"Pakis, Kabupaten Magelang",2025-05-23 15:14:23
"dr. Retno Jayantri Ketaren, Sp.S",Sp. Saraf,Siloam Hospitals Lippo Village,"Kelapa Dua, Kabupaten Tangerang",2025-05-23 15:14:23
"dr. Rezy Sesareza Prakarsa, Sp.S",Sp. Saraf,Siloam Hospitals Bekasi Timur,"Bekasi Timur, Bekasi",2025-05-23 15:14:23
"dr. Riezky Valentina Astari, Sp.S",Sp. Saraf,Siloam Hospitals Cinere ( RS Khusus Jantung Diagram Depok),"Cinere, Depok",2025-05-23 15:14:23
"dr. Riri Sarisanti, M.Kes,SpS,Fins",Sp. Saraf,Mayapada Hospital Bogor,"Bogor Timur, Bogor",2025-05-23 15:14:26
Dr. Rizaldi Taslim Pinzon SP S,Sp. Saraf,RS Bethesda Yogyakarta,"Gondokusuman, Kota Yogyakarta",2025-05-23 15:14:26
"Dr. dr. Rocksy Fransisca V. Situmeang, Sp.S",Sp. Saraf,Siloam Hospitals Lippo Village,"Kelapa Dua, Kabupaten Tangerang",2025-05-23 15:14:26
"dr Ronald Susanto Budiy, Sp. N",Sp. Saraf,RSU Fikri Medika,"Klari, Kabupaten Karawang",2025-05-23 15:14:26
"dr. Rossy Yulianti, Sp.N",Sp. Saraf,Alia Hospital Jakarta Timur,"Duren Sawit, Jakarta Timur",2025-05-23 15:14:26
"dr. Roul Sibarani, Sp.S",Sp. Saraf,MRCCC Siloam Hospitals Semanggi,"Setiabudi, Jakarta Selatan",2025-05-23 15:14:26
"dr. Saunderajen, Sp.S, MSi.Med",Sp. Saraf,Siloam Hospitals Agora,"Cempaka Putih, Jakarta Pusat",2025-05-23 15:14:26
"dr. Silvester Christanto, Sp.S",Sp. Saraf,Mayapada Hospital Kuningan,"Setiabudi, Jakarta Selatan",2025-05-23 15:14:26
Dr. Silvia F. Lumempouw Sp.S,Sp. Saraf,RS Dharma Nugraha,"Pulo Gadung, Jakarta Timur",2025-05-23 15:14:26
"dr. Sri Harso, Sp. N",Sp. Saraf,RSU Syubbanul Wathon,"Pakis, Kabupaten Magelang",2025-05-23 15:14:26
"dr. Steve Rahardja Putra, Sp.S",Sp. Saraf,Siloam Hospitals Kebon Jeruk,"Kebon Jeruk, Jakarta Barat",2025-05-23 15:14:28
"dr. Sunarto, Sp.S",Sp. Saraf,RS Mitra Keluarga Tegal,"Tegal Barat, Kota Tegal",2025-05-23 15:14:28
dr. Surjoatmodjo Saleh Sp.N,Sp. Saraf,RS Pusat Pertamina,"Kebayoran Baru, Jakarta Selatan",2025-05-23 15:14:28
"dr. Surjoatmodjo Saleh, Sp.S",Sp. Saraf,Mayapada Hospital Kuningan,"Setiabudi, Jakarta Selatan",2025-05-23 15:14:28
"dr. Sutis Nasia, Sp.S",Sp. Saraf,Siloam Hospitals Surabaya,"Gubeng, Kota Surabaya",2025-05-23 15:14:28
"dr. Suwito Pantoro, Sp.S",Sp. Saraf,Siloam Hospitals Surabaya,"Gubeng, Kota Surabaya",2025-05-23 15:14:28
"dr. Sylvia Tanumihardja, Sp.S (Khusus Praktek Sore)",Sp. Saraf,RS Immanuel,"Bojongloa Kidul, Kota Bandung",2025-05-23 15:14:28
"dr. Sylvia Tanumihardja, Sp.S",Sp. Saraf,RS Immanuel,"Bojongloa Kidul, Kota Bandung",2025-05-23 15:14:28
"dr. Theresia Christin, Sp.S",Sp. Saraf,Siloam Hospitals Sriwijaya Palembang,"Ilir Barat I, Kota Palembang",2025-05-23 15:14:28
"dr. Theresia Runtuwene, Sp.S (K)",Sp. Saraf,Siloam Hospitals Manado,"Wenang, Kota Manado",2025-05-23 15:14:28
"dr. Thomas Henrry Budi Prawira Bunyamin, Sp.S",Sp. Saraf,Mayapada Hospital Tangerang,"Tangerang, Tangerang",2025-05-23 15:14:30
"dr. Tommy N Sarongku , Sp.N",Sp. Saraf,RS Mitra Keluarga Grand Wisata,"Tambun Selatan, Kabupaten Bekasi",2025-05-23 15:14:30
"dr. Tri Wahyudi, Sp.S, FINS",Sp. Saraf,RS Mitra Keluarga Gading Serpong,"Pagedangan, Kabupaten Tangerang",2025-05-23 15:14:30
"dr. Trianggoro Budisulistyo, Sp.S (K)",Sp. Saraf,Siloam Hospitals Semarang,"Semarang Selatan, Kota Semarang",2025-05-23 15:14:30
"dr. Tuti Warnengsih, Sp.S., M.Kes",Sp. Saraf,RS Mitra Keluarga Bintaro,"Pondok Aren, Tangerang Selatan",2025-05-23 15:14:30
"dr. Vania Listiani Hidajat, Sp.N",Sp. Saraf,Mayapada Hospital Kuningan,"Setiabudi, Jakarta Selatan",2025-05-23 15:14:30
"Dr. dr. Vivien Puspitasari, Sp.S",Sp. Saraf,Siloam Hospitals Lippo Village,"Kelapa Dua, Kabupaten Tangerang",2025-05-23 15:14:30
"dr. Vony F. Goenawan Sp.N, M.Kes",Sp. Saraf,Siloam Hospitals Lippo Village,"Kelapa Dua, Kabupaten Tangerang",2025-05-23 15:14:30
"dr. Whisnu Nalendra Tama, Sp.S",Sp. Saraf,Siloam Hospitals Yogyakarta,"Gondokusuman, Kota Yogyakarta",2025-05-23 15:14:30
"dr. Wilda Khairani Dalimunthe , Sp.N",Sp. Saraf,RS Mitra Keluarga Grand Wisata,"Tambun Selatan, Kabupaten Bekasi",2025-05-23 15:14:30
"dr. Yani Arlina, Sp.N",Sp. Saraf,RS Mitra Keluarga Slawi,"Slawi, Tegal",2025-05-23 15:14:36
"dr. Yanna Saelan, Sp.S",Sp. Saraf,Siloam Hospitals Surabaya,"Gubeng, Kota Surabaya",2025-05-23 15:14:36
"dr. Yanni , Sp.N",Sp. Saraf,RS Mitra Keluarga Kemayoran,"Kemayoran, Jakarta Pusat",2025-05-23 15:14:36
"dr. Yosephine , Sp.N",Sp. Saraf,RS Mitra Keluarga Kemayoran,"Kemayoran, Jakarta Pusat",2025-05-23 15:14:36
dr. Yuda Taruna Sp.S,Sp. Saraf,RS PIK,"Penjaringan, Jakarta Utara",2025-05-23 15:14:36
"dr. Yudhi Adrianto, Sp.S-FINS",Sp. Saraf,RS Mitra Keluarga Kenjeran,"Mulyorejo, Kota Surabaya",2025-05-23 15:14:36
"Dr. dr. Yusak Mangara Tua Siahaan, Sp.S",Sp. Saraf,Siloam Hospitals Lippo Village,"Kelapa Dua, Kabupaten Tangerang",2025-05-23 15:14:36
"dr. Zulfa Indah Kemalahayati Fadli, B.Med.Sc., Sp.S",Sp. Saraf,Mayapada Hospital Jakarta Selatan,"Cilandak, Jakarta Selatan",2025-05-23 15:14:36
dr dr Pudji Sugianto Sp.S,Sp. Saraf,Siloam Clinic Meikarta,"Cikarang Selatan, Kabupaten Bekasi",2025-05-23 15:14:36
dr Triana Ayuningtias Sp.N,Sp. Saraf,RS Pondok Indah - Bintaro Jaya,"Pondok Aren, Tangerang Selatan",2025-05-23 15:14:36
dr iswandi Sp.S,Sp. Saraf,RS Pusat Otak Nasional (PON) Prof. Dr. dr. Mahar M,"Kramat Jati, Jakarta Timur",2025-05-23 15:14:39
dr lim thien thien,Sp. Saraf,Island Hospital Penang,"Mampang Prapatan, Jakarta Selatan",2025-05-23 15:14:39
"dr. Albert Teddy, Sp.S",Sp. Saraf,RS Gading Pluit,"Kelapa Gading, Jakarta Utara",2025-05-23 15:14:39
"dr. An An, M.Sc,Sp.S",Sp. Saraf,RS Mitra Medika Pontianak,"Pontianak Kota, Kota Pontianak",2025-05-23 15:14:39
"dr. Andika Surya Atmadja, SpN",Sp. Saraf,RS Gading Pluit,"Kelapa Gading, Jakarta Utara",2025-05-23 15:14:39
"dr. Andre Lukas, Sp.S",Sp. Saraf,RS Awal Bros Pekanbaru,"Bukit Raya, Kota Pekanbaru",2025-05-23 15:14:39
"dr. Arif Apriyanto, Sp.N",Sp. Saraf,RS Indriati Boyolali,"Mojosongo, Kabupaten Boyolali",2025-05-23 15:14:39
dr. Aris Catur Bintoro Sp. S,Sp. Saraf,RS Telogorejo,"Semarang Tengah, Kota Semarang",2025-05-23 15:14:39
"dr. Bambang Sutrisno, Sp.N",Sp. Saraf,RS TMC,"Cihideung, Kota Tasikmalaya",2025-05-23 15:14:39
dr. Chairil Amin Batubara,Sp. Saraf,RS Mitra Medika Premier,"Medan Petisah, Kota Medan",2025-05-23 15:14:39
"dr. Chandra Calista, Sp. N",Sp. Saraf,RS Advent Bandung,"Coblong, Kota Bandung",2025-05-23 15:14:41
"dr. Christian Kamallan, Sp.N, MMed",Sp. Saraf,National Hospital,"Wiyung, Kota Surabaya",2025-05-23 15:14:41
"dr. Darma Imran, Sp.N(K)",Sp. Saraf,RS EMC Sentul,"Babakan Madang, Kabupaten Bogor",2025-05-23 15:14:41
"dr. Dedy Kurniawan, Sp.N",Sp. Saraf,Mayapada Hospital Surabaya,"Sawahan, Kota Surabaya",2025-05-23 15:14:41
"dr. Devina Carolina Mastari Sp.N,DAIFIDN,AI",Sp. Saraf,RS Mitra Keluarga Bintaro,"Pondok Aren, Tangerang Selatan",2025-05-23 15:14:41
"dr. Dony Ardianto, Sp.S",Sp. Saraf,RS Puri Asih Salatiga,"Tingkir, Kota Salatiga",2025-05-23 15:14:41
"dr. Eric Tanoto, Sp.N",Sp. Saraf,National Hospital,"Wiyung, Kota Surabaya",2025-05-23 15:14:41
"dr. Freddy Hasudungan Aritonang, Sp.N",Sp. Saraf,RS Santa Theresia Jambi,"Pasar Jambi, Kota Jambi",2025-05-23 15:14:41
"dr. H. Andi Budiman, Sp.S",Sp. Saraf,RS Islam Assyifa,"Gunungpuyuh, Kota Sukabumi",2025-05-23 15:14:41
"dr. Hadi SUsanto, Sp.S",Sp. Saraf,RS Darmo,"Tegalsari, Kota Surabaya",2025-05-23 15:14:41
dr. Harly MTL. Toruan Sp.S,Sp. Saraf,RS Santa Theresia Jambi,"Pasar Jambi, Kota Jambi",2025-05-23 15:14:44
"dr. Haryono, Sp.N",Sp. Saraf,RS Bungsu Bandung,"Sumurbandung, Kota Bandung",2025-05-23 15:14:44
dr. Iqbal Muhammad Sp.S,Sp. Saraf,RS PKU Muhammadiyah Cepu,"Cepu, Kabupaten Blora",2025-05-23 15:14:44
dr. Kennytha Yoesdyanto Sp.N,Sp. Saraf,Siloam Hospitals Kelapa Dua,"Kelapa Dua, Kabupaten Tangerang",2025-05-23 15:14:44
"dr. Lenny Arinda, Sp.N",Sp. Saraf,RS Islam Ibnu Sina Pekanbaru,"Seukajadi, Kota Pekanbaru",2025-05-23 15:14:44
"dr. Linda, Sp.S",Sp. Saraf,Ciputra Hospital Citra Garden City Jakarta Barat,"Kalideres, Jakarta Barat",2025-05-23 15:14:44
dr. Miftahul Alam Sp.U.,Sp. Saraf,RS Mitra Keluarga Kelapa Gading,"Kelapa Gading, Jakarta Utara",2025-05-23 15:14:44
"dr. Monika Handojo,Sp.N",Sp. Saraf,RS Advent Bandar Lampung,"Kedaton, Kota Bandar Lampung",2025-05-23 15:14:44
dr. Octavianus Darmawan Sp.N,Sp. Saraf,RS Pluit,"Penjaringan, Jakarta Utara",2025-05-23 15:14:44
"dr. Renny Farida Hutauruk, Sp.S",Sp. Saraf,Rspad Gatot Subroto (Paviliun),"Senen, Jakarta Pusat",2025-05-23 15:14:44
"dr. Ridwan, Sp.N",Sp. Saraf,Rspad Gatot Subroto (Paviliun),"Senen, Jakarta Pusat",2025-05-23 15:14:46
"dr. Septian Widyantoro,Sp.N",Sp. Saraf,RS Pertamina Tarakan,"Tarakan Barat, Kota Tarakan",2025-05-23 15:14:46
"dr. Simon Djeno Hudat, Sp.S",Sp. Saraf,RS Anugerah Bunda Khatulistiwa,"Pontianak Tenggara, Kota Pontianak",2025-05-23 15:14:46
dr. Steffi Wulansari Sp.N,Sp. Saraf,RS Murni Teguh Sudirman Jakarta,"Tanah Abang, Jakarta Pusat",2025-05-23 15:14:46
"dr. Sutji Hartati Retna Kurniasih Padmawati, SpS",Sp. Saraf,RS Pelni Petamburan,"Palmerah, Jakarta Barat",2025-05-23 15:14:46
dr. Tan Kenny,Sp. Saraf,Loh Guan Lye,"Mampang Prapatan, Jakarta Selatan",2025-05-23 15:14:46
"dr. Yusuf Allan Pascana, Sp,N",Sp. Saraf,RS Antam Medika,"Pulo Gadung, Jakarta Timur",2025-05-23 15:14:46
"dr. Zainuddin, Sp.S",Sp. Saraf,RS Suaka Insan Banjarmasin,"Banjarmasin Barat, Kota Banjarmasin",2025-05-23 15:14:46
"dr.Agus Suryawan, M.Biomed, Sp.S",Sp. Saraf,RS Balimed Denpasar,"Denpasar Barat, Kota Denpasar",2025-05-23 15:14:46
"dr.Handoyo Suryo, SP.N",Sp. Saraf,RS Royal Taruma,"Grogol Petamburan, Jakarta Barat",2025-05-23 15:14:46
Dr. Aan Dwi Prasetio Sp.N,Sp. Saraf,halodoc,"Setiabudi, Jakarta Selatan",2025-05-23 15:14:48
"Dr. Achmad Harun Muchsin Sp.N(K),Dipl.OfPain,FIN",Sp. Saraf,halodoc,"Setiabudi, Jakarta Selatan",2025-05-23 15:14:48
Dr. Ade Silvana Danial Sp.N,Sp. Saraf,halodoc,"Setiabudi, Jakarta Selatan",2025-05-23 15:14:48
"Dr. Adhimas Fajar Aryanto Sp.N., AIFO-K",Sp. Saraf,halodoc,"Setiabudi, Jakarta Selatan",2025-05-23 15:14:48
Dr. Affan Nadzar Basmalah Sp.N,Sp. Saraf,halodoc,"Setiabudi, Jakarta Selatan",2025-05-23 15:14:48
dr Agus Budi Bowoleksono Sp. N,Sp. Saraf,halodoc,"Setiabudi, Jakarta Selatan",2025-05-23 15:14:48
Dr. Agus Suriadi Wijaya Sp.N,Sp. Saraf,halodoc,"Setiabudi, Jakarta Selatan",2025-05-23 15:14:48
Dr. Alvian Wandy Sp.N,Sp. Saraf,halodoc,"Setiabudi, Jakarta Selatan",2025-05-23 15:14:48
Dr. Andisty Swandhani Sp.N,Sp. Saraf,halodoc,"Setiabudi, Jakarta Selatan",2025-05-23 15:14:48
Dr. Arfa'i Laksamana Sp.N,Sp. Saraf,halodoc,"Setiabudi, Jakarta Selatan",2025-05-23 15:14:48
Dr. Aria Tristayanthi Sp.N,Sp. Saraf,halodoc,"Setiabudi, Jakarta Selatan",2025-05-23 15:14:50
"dr. Asep Saefulloh, Sp. S",Sp. Saraf,RSUD Al Ihsan Provinsi Jawa Barat,"Baleendah, Kabupaten Bandung",2025-05-23 15:14:50
"dr. Asep Saefulloh, Sp.S",Sp. Saraf,halodoc,"Setiabudi, Jakarta Selatan",2025-05-23 15:14:50
Dr. Ashita Hulwah Adwirianny Sp.N,Sp. Saraf,halodoc,"Setiabudi, Jakarta Selatan",2025-05-23 15:14:50
Dr. Astari Arum Cendani Goller Sp.N,Sp. Saraf,halodoc,"Setiabudi, Jakarta Selatan",2025-05-23 15:14:50
Dr. Bagus Dermawan Sp.N,Sp. Saraf,halodoc,"Setiabudi, Jakarta Selatan",2025-05-23 15:14:50
Dr. Benedictus Yudha Baskara Sp.N,Sp. Saraf,halodoc,"Setiabudi, Jakarta Selatan",2025-05-23 15:14:50
Dr. Bimo Mubyarto Sp.N,Sp. Saraf,halodoc,"Setiabudi, Jakarta Selatan",2025-05-23 15:14:50
"dr. CLARISSA TERTIA, Sp,N",Sp. Saraf,halodoc,"Setiabudi, Jakarta Selatan",2025-05-23 15:14:50
"Dr. Caisar Riana M.Ked(Neu), Sp.N",Sp. Saraf,halodoc,"Setiabudi, Jakarta Selatan",2025-05-23 15:14:50
"dr. Cik Alber, Sp.N",Sp. Saraf,halodoc,"Setiabudi, Jakarta Selatan",2025-05-23 15:14:52
Dr. Cindy Cecilia Sp.N,Sp. Saraf,halodoc,"Setiabudi, Jakarta Selatan",2025-05-23 15:14:52
dr. Cut Antara Keumala Muda Sp.N,Sp. Saraf,halodoc,"Setiabudi, Jakarta Selatan",2025-05-23 15:14:52
Dr. Cut Sri Rachmawati Sp.N,Sp. Saraf,halodoc,"Setiabudi, Jakarta Selatan",2025-05-23 15:14:52
"dr. Daniel T. Suryadisastra, Sp.S RPSGT",Sp. Saraf,0,"Bekasi Selatan, Bekasi",2025-05-23 15:14:52
Dr. David Wyanto Sp.N,Sp. Saraf,halodoc,"Setiabudi, Jakarta Selatan",2025-05-23 15:14:52
Dr. Debora Hendra Sp.N,Sp. Saraf,halodoc,"Setiabudi, Jakarta Selatan",2025-05-23 15:14:52
"dr. Dedi Febriandaru, Sp.N",Sp. Saraf,RSUD Prembun Kabupaten Kebumen,"Prembun, Kabupaten Kebumen",2025-05-23 15:14:52
"dr. Desby Juananda, M.Sc, Sp.N",Sp. Saraf,halodoc,"Setiabudi, Jakarta Selatan",2025-05-23 15:14:52
"Dr. Destika Fahrina M.Ked(Neu), Sp.N",Sp. Saraf,halodoc,"Setiabudi, Jakarta Selatan",2025-05-23 15:14:52
Dr. Desy Ramayana Sp.N,Sp. Saraf,halodoc,"Setiabudi, Jakarta Selatan",2025-05-23 15:14:57
Dr Wong Yee Choon,Sp. Saraf,halodoc,"Setiabudi, Jakarta Selatan",2025-05-23 15:14:57
"Dr. Hendrikus Budiono, Sp.S",Sp. Saraf,"Dr. Hendrikus Budiono, Sp.S","Makassar, Kota Makassar",2025-05-23 15:14:57
Dr. Dya Anggraeni Sp.N,Sp. Saraf,halodoc,"Setiabudi, Jakarta Selatan",2025-05-23 15:14:57
Dr. Edfina Rahmarini Sp.N,Sp. Saraf,halodoc,"Setiabudi, Jakarta Selatan",2025-05-23 15:14:57
Dr. Edwin Pranata Laban Sp.N,Sp. Saraf,halodoc,"Setiabudi, Jakarta Selatan",2025-05-23 15:14:57
"Dr. Eko Yandra M.Ked(Neu), Sp.N, AIFO-K",Sp. Saraf,halodoc,"Setiabudi, Jakarta Selatan",2025-05-23 15:14:57
Dr. Elsi Rahmadhani Hardi Sp.N,Sp. Saraf,halodoc,"Setiabudi, Jakarta Selatan",2025-05-23 15:14:57
Dr. Emy Wardani Sp.N,Sp. Saraf,halodoc,"Setiabudi, Jakarta Selatan",2025-05-23 15:14:57
Dr. Eni Nurhidayati Sp.N,Sp. Saraf,halodoc,"Setiabudi, Jakarta Selatan",2025-05-23 15:14:57
Dr. Eric Tanoto Sp.N,Sp. Saraf,halodoc,"Setiabudi, Jakarta Selatan",2025-05-23 15:15:01
"Dr. Etiya Ekayana M.Ked(Neu), Sp.N",Sp. Saraf,halodoc,"Setiabudi, Jakarta Selatan",2025-05-23 15:15:01
"Dr. Eva Nur Fadila MMR, Sp.N",Sp. Saraf,halodoc,"Setiabudi, Jakarta Selatan",2025-05-23 15:15:01
Dr. Exaudi Caesario Parulian Sipahutar Sp.N,Sp. Saraf,halodoc,"Setiabudi, Jakarta Selatan",2025-05-23 15:15:01
"Dr. Fahimma M.Biomed, Sp.N",Sp. Saraf,halodoc,"Setiabudi, Jakarta Selatan",2025-05-23 15:15:01
Dr. Faishal Hanif Sp.N,Sp. Saraf,halodoc,"Setiabudi, Jakarta Selatan",2025-05-23 15:15:01
"Dr. Fajar Rudy Qimindra Sp.N, FIN",Sp. Saraf,halodoc,"Setiabudi, Jakarta Selatan",2025-05-23 15:15:01
Dr. Faldi Yaputra Sp.N,Sp. Saraf,halodoc,"Setiabudi, Jakarta Selatan",2025-05-23 15:15:01
dr. Feby Purnama Sp.S,Sp. Saraf,halodoc,"Setiabudi, Jakarta Selatan",2025-05-23 15:15:01
Dr. Fedrick Tandiawan Sp.N,Sp. Saraf,halodoc,"Setiabudi, Jakarta Selatan",2025-05-23 15:15:01
dr. Ferdi Sp.N,Sp. Saraf,halodoc,"Setiabudi, Jakarta Selatan",2025-05-23 15:15:04
Dr. Ferias Dwi Sembodo Sp.N,Sp. Saraf,halodoc,"Setiabudi, Jakarta Selatan",2025-05-23 15:15:04
Dr. Fitri Abdat Sp.N,Sp. Saraf,halodoc,"Setiabudi, Jakarta Selatan",2025-05-23 15:15:04
"dr. Fransiskus Ign. Hadi Lukmantiyo, Sp.S",Sp. Saraf,RS St. Carolus Salemba,"Senen, Jakarta Pusat",2025-05-23 15:15:04
"Dr. Fuji Restu Firma M.M., Sp.N., AIFO-K",Sp. Saraf,halodoc,"Setiabudi, Jakarta Selatan",2025-05-23 15:15:04
Dr. Goldfried P. Sianturi Sp. S,Sp. Saraf,"Klinik dr. Goldfried P. Sianturi, Sp.S","Medan Amplas, Kota Medan",2025-05-23 15:15:04
Dr. Gotot Sumantri Puspitowigati Sp.S,Sp. Saraf,halodoc,"Setiabudi, Jakarta Selatan",2025-05-23 15:15:04
"dr. H. Hardhi Pranata Sp.S, MARS",Sp. Saraf,halodoc,"Setiabudi, Jakarta Selatan",2025-05-23 15:15:04
"dr. H. Hardhi Pranata Sp.S, MARS",Sp. Saraf,Klinik Utama Rawat Jalan dr. Hardhi Pranata,"Pancoran Mas, Depok",2025-05-23 15:15:04
"dr. H. Hardhi Pranata Sp.S, MARS",Sp. Saraf,Klinik Utama Rawat Jalan dr. Hardhi Pranata,"Pancoran Mas, Depok",2025-05-23 15:15:04
dr. H. Hardhi Pranata Sp.S,Sp. Saraf,Klinik Utama Rawat Jalan dr. Hardhi Pranata,"Pancoran Mas, Depok",2025-05-23 15:15:06
dr. H. Hardhi Pranata Sp.S,Sp. Saraf,Klinik Utama Rawat Jalan dr. Hardhi Pranata,"Pancoran Mas, Depok",2025-05-23 15:15:06
"dr. H. Hardhi Pranata, Sp.S, MARS",Sp. Saraf,Klinik Utama Rawat Jalan dr. Hardhi Pranata,"Pancoran Mas, Depok",2025-05-23 15:15:06
"dr. H. Hardhi Pranata, Sp.S, MARS",Sp. Saraf,Klinik Utama Rawat Jalan dr. Hardhi Pranata,"Pancoran Mas, Depok",2025-05-23 15:15:06
Dr. Hana Amatillah Sp.N,Sp. Saraf,halodoc,"Setiabudi, Jakarta Selatan",2025-05-23 15:15:06
Dr. Hanna Karmila Sp.N,Sp. Saraf,halodoc,"Setiabudi, Jakarta Selatan",2025-05-23 15:15:06
"dr. Harry Hartono, Sp.S",Sp. Saraf,RS St. Carolus Salemba,"Senen, Jakarta Pusat",2025-05-23 15:15:06
Dr. Hediaty Syafiera Sp.N,Sp. Saraf,halodoc,"Setiabudi, Jakarta Selatan",2025-05-23 15:15:06
"dr. Helen, Sp.S",Sp. Saraf,Siloam Hospitals Balikpapan,"Balikpapan Selatan, Kota Balikpapan",2025-05-23 15:15:06
Dr. Hendrikus Budiono Sp S,Sp. Saraf,Apotik Tiara Farma,"Ujung Pandang, Kota Makassar",2025-05-23 15:15:06
Dr. Hendrikus Budiono Sp.S,Sp. Saraf,Apotik Tiara Farma,"Ujung Pandang, Kota Makassar",2025-05-23 15:15:08
"Dr. Heru Pranata M.Ked (Neu), Sp.N",Sp. Saraf,halodoc,"Setiabudi, Jakarta Selatan",2025-05-23 15:15:08
Dr. Hidayaturrahmi Sp.N,Sp. Saraf,halodoc,"Setiabudi, Jakarta Selatan",2025-05-23 15:15:08
Dr. Hugo Dwiputra Wiradarma Sp.N,Sp. Saraf,halodoc,"Setiabudi, Jakarta Selatan",2025-05-23 15:15:08
Dr. I Made Odie Lastrawan Sp.N,Sp. Saraf,halodoc,"Setiabudi, Jakarta Selatan",2025-05-23 15:15:08
"dr. Ida Nurhaida, Sp.S",Sp. Saraf,RSUD Al Ihsan Provinsi Jawa Barat,"Baleendah, Kabupaten Bandung",2025-05-23 15:15:08
Dr. Ika Alimawati Sp.N,Sp. Saraf,halodoc,"Setiabudi, Jakarta Selatan",2025-05-23 15:15:08
Dr. Ika Erna Uly Sirait Sp.N,Sp. Saraf,halodoc,"Setiabudi, Jakarta Selatan",2025-05-23 15:15:08
Dr. Ika Mariana Gultom Sp.N,Sp. Saraf,halodoc,"Setiabudi, Jakarta Selatan",2025-05-23 15:15:08
Dr. Indah Ari Handayani Sp.N,Sp. Saraf,halodoc,"Setiabudi, Jakarta Selatan",2025-05-23 15:15:08
"dr. Indrajana S, Sp.S",Sp. Saraf,Apotik Pro Medica 2,"Gambir, Jakarta Pusat",2025-05-23 15:15:10
Dr. Indriazel Syaputri H Sp.N,Sp. Saraf,halodoc,"Setiabudi, Jakarta Selatan",2025-05-23 15:15:10
Dr. Jeffry Foraldy Haryanto Sp.N,Sp. Saraf,halodoc,"Setiabudi, Jakarta Selatan",2025-05-23 15:15:10
"dr. Jimmi Sabiris, Sp.S",Sp. Saraf,"dr. Jimmi Sabiris, Sp.S","Ilir Timur I, Kota Palembang",2025-05-23 15:15:10
"dr. Jimmy Fransisco Abadinta Barus, M.Sc, Sp.S",Sp. Saraf,RS St. Carolus Salemba,"Senen, Jakarta Pusat",2025-05-23 15:15:10
"dr. Johanes Yanni, Sp.S",Sp. Saraf,RS St. Carolus Salemba,"Senen, Jakarta Pusat",2025-05-23 15:15:10
Dr. Johann Andrasili Sp.N,Sp. Saraf,halodoc,"Setiabudi, Jakarta Selatan",2025-05-23 15:15:10
"Dr. Juwita M.Biomed, Sp.N",Sp. Saraf,halodoc,"Setiabudi, Jakarta Selatan",2025-05-23 15:15:10
Dr. Khatab Sp.N,Sp. Saraf,halodoc,"Setiabudi, Jakarta Selatan",2025-05-23 15:15:10
Dr. Kinanta Sp.N,Sp. Saraf,halodoc,"Setiabudi, Jakarta Selatan",2025-05-23 15:15:10
Dr. Lamia Aisha Sp.N,Sp. Saraf,halodoc,"Setiabudi, Jakarta Selatan",2025-05-23 15:15:12
"dr. Leon Abirawa, Sp.S",Sp. Saraf,halodoc,"Setiabudi, Jakarta Selatan",2025-05-23 15:15:12
"Dr. Luwinda Avitha Sari Harahap M.Ked(Neu), Sp.S",Sp. Saraf,halodoc,"Setiabudi, Jakarta Selatan",2025-05-23 15:15:12
"Dr. Lydia Susanti Sp.N, M.Biomed, MPd.Ked",Sp. Saraf,halodoc,"Setiabudi, Jakarta Selatan",2025-05-23 15:15:12
Dr. M. Syahrial Sp. S,Sp. Saraf,Apotek Kimia Farma Dhoho,"Kota, Kota Kediri",2025-05-23 15:15:12
Dr. Made Ayu Dessy Dwitasari Sp.N,Sp. Saraf,halodoc,"Setiabudi, Jakarta Selatan",2025-05-23 15:15:12
Dr. Magista Febra Nugraha Sp.N,Sp. Saraf,halodoc,"Setiabudi, Jakarta Selatan",2025-05-23 15:15:12
Dr. Martha Oktavia Dewi Savitri Sp.N,Sp. Saraf,halodoc,"Setiabudi, Jakarta Selatan",2025-05-23 15:15:12
dr Meidiane Camellia Sp. N,Sp. Saraf,halodoc,"Setiabudi, Jakarta Selatan",2025-05-23 15:15:12
Dr. Meranda Rosman Sp.N,Sp. Saraf,halodoc,"Setiabudi, Jakarta Selatan",2025-05-23 15:15:12
"Dr. Meutia Maulina M.Si, Sp.N",Sp. Saraf,halodoc,"Setiabudi, Jakarta Selatan",2025-05-23 15:15:14
Dr. Mirna M. Iskandar Sp.N,Sp. Saraf,halodoc,"Setiabudi, Jakarta Selatan",2025-05-23 15:15:14
dr. Moch Syahrial P Sp. S,Sp. Saraf,Apotek Kimia Farma Dhoho,"Kota, Kota Kediri",2025-05-23 15:15:14
Dr. Moch Syahrial P. Sp.S,Sp. Saraf,halodoc,"Setiabudi, Jakarta Selatan",2025-05-23 15:15:14
DR Moch Syahrial P. Sp. S,Sp. Saraf,Apotek Kimia Farma Dhoho,"Kota, Kota Kediri",2025-05-23 15:15:14
"Dr. Mohamad Fakih M.M., Sp. N",Sp. Saraf,halodoc,"Setiabudi, Jakarta Selatan",2025-05-23 15:15:14
"Dr. Muhammad Arismunandar S.Ked., Sp.N., AIFO-K",Sp. Saraf,halodoc,"Setiabudi, Jakarta Selatan",2025-05-23 15:15:14
Dr. Muhammad Nazli Ferdian Sp.N,Sp. Saraf,halodoc,"Setiabudi, Jakarta Selatan",2025-05-23 15:15:14
Dr. Nadia Devianca Sp.N,Sp. Saraf,halodoc,"Setiabudi, Jakarta Selatan",2025-05-23 15:15:14
Dr. Nanda Charitanadya Adhitama Sp.N,Sp. Saraf,halodoc,"Setiabudi, Jakarta Selatan",2025-05-23 15:15:14
Dr. Navidya Ade Riany Sp.N,Sp. Saraf,halodoc,"Setiabudi, Jakarta Selatan",2025-05-23 15:15:16
Dr. Nona Suci Rahayu Sp.N,Sp. Saraf,halodoc,"Setiabudi, Jakarta Selatan",2025-05-23 15:15:16
Dr. Novi Apriani Sp.N,Sp. Saraf,halodoc,"Setiabudi, Jakarta Selatan",2025-05-23 15:15:16
"Dr. Novi Arius Sp.S, M.Biomed",Sp. Saraf,halodoc,"Setiabudi, Jakarta Selatan",2025-05-23 15:15:16
Dr. Nurul Fajri Sp.N,Sp. Saraf,halodoc,"Setiabudi, Jakarta Selatan",2025-05-23 15:15:16
Dr. Olivia Josephine Wijaya Sp.N,Sp. Saraf,halodoc,"Setiabudi, Jakarta Selatan",2025-05-23 15:15:16
dr. Paramita Kurniawati SpN,Sp. Saraf,halodoc,"Setiabudi, Jakarta Selatan",2025-05-23 15:15:16
"dr. Parlin Susanto, Sp.S",Sp. Saraf,RS St. Carolus Salemba,"Senen, Jakarta Pusat",2025-05-23 15:15:16
"Patricia Simandjaja, dr., Sp.S FIN",Sp. Saraf,0,"Bekasi Selatan, Bekasi",2025-05-23 15:15:16
Dr. Prita Aulia Nastaghfiruka Sp.N,Sp. Saraf,halodoc,"Setiabudi, Jakarta Selatan",2025-05-23 15:15:16
Dr. Putri Irsalina Sp.N,Sp. Saraf,halodoc,"Setiabudi, Jakarta Selatan",2025-05-23 15:15:18
Dr. Putri Rossyana Dewi Sp.N,Sp. Saraf,halodoc,"Setiabudi, Jakarta Selatan",2025-05-23 15:15:18
"Dr. Putu Gede Sudira M.Sc, Sp.N",Sp. Saraf,halodoc,"Setiabudi, Jakarta Selatan",2025-05-23 15:15:18
Dr. Putu Lohita Rahmawati Sp.N,Sp. Saraf,halodoc,"Setiabudi, Jakarta Selatan",2025-05-23 15:15:18
"dr. Ratih Vierda Octaviani, Sp.S",Sp. Saraf,halodoc,"Setiabudi, Jakarta Selatan",2025-05-23 15:15:18
"Dr. Ricky C. Kohar Sp.N, FINA",Sp. Saraf,halodoc,"Setiabudi, Jakarta Selatan",2025-05-23 15:15:18
"dr. Ricoh Juang, Sp.S",Sp. Saraf,RSUD Al Ihsan Provinsi Jawa Barat,"Baleendah, Kabupaten Bandung",2025-05-23 15:15:18
Dr. Rindha Dwi Sihanto Sp.N,Sp. Saraf,Apotek Anugerah Bahagia,"Cempaka Putih, Jakarta Pusat",2025-05-23 15:15:18
dr. Riski Amanda,Sp. Saraf,halodoc,"Setiabudi, Jakarta Selatan",2025-05-23 15:15:18
Dr. Riski Amanda Sp.N,Sp. Saraf,halodoc,"Setiabudi, Jakarta Selatan",2025-05-23 15:15:18
Dr. Rizki Muhammad Rananda Sp.N,Sp. Saraf,halodoc,"Setiabudi, Jakarta Selatan",2025-05-23 15:15:21
Dr. Rizkya Ika Fadilla Sp.N,Sp. Saraf,halodoc,"Setiabudi, Jakarta Selatan",2025-05-23 15:15:21
"dr. SWASTIKA, M.Kes SP.S",Sp. Saraf,Apotek Pakuwon,"Sumedang Selatan, Kabupaten Sumedang",2025-05-23 15:15:21
Dr. Sarita Sharchis Sp.N,Sp. Saraf,halodoc,"Setiabudi, Jakarta Selatan",2025-05-23 15:15:21
Dr. Sa’diah Sp.N,Sp. Saraf,halodoc,"Setiabudi, Jakarta Selatan",2025-05-23 15:15:21
"dr. Sigit Dewanto Hendrani, Sp.S, FINS, FINA",Sp. Saraf,RS St. Carolus Salemba,"Senen, Jakarta Pusat",2025-05-23 15:15:21
"dr. Theodora Lebang, Sp.S.,M.Kes",Sp. Saraf,Siloam Hospitals Balikpapan,"Balikpapan Selatan, Kota Balikpapan",2025-05-23 15:15:21
"dr. Waya Nurruhyuliawati, Sp.S",Sp. Saraf,RSUD Al Ihsan Provinsi Jawa Barat,"Baleendah, Kabupaten Bandung",2025-05-23 15:15:21
Dr. Widya Sarkawi Sp.N,Sp. Saraf,halodoc,"Setiabudi, Jakarta Selatan",2025-05-23 15:15:21
dr. Winda Rahmah Darman Sp.N,Sp. Saraf,halodoc,"Setiabudi, Jakarta Selatan",2025-05-23 15:15:21
"Dr. Winda Rahmah Darman M.Ked(Neu), Sp.N",Sp. Saraf,halodoc,"Setiabudi, Jakarta Selatan",2025-05-23 15:15:23
"dr. Yeremia Tatang, Sp.S",Sp. Saraf,"Praktek Pribadi dr. Yeremia Tatang, Sp.S","Kebon Jeruk, Jakarta Barat",2025-05-23 15:15:23
Dr. Yerliza Agricha Sp.N,Sp. Saraf,halodoc,"Setiabudi, Jakarta Selatan",2025-05-23 15:15:23
dr. Yetty Octavia Hutahaean Sp.S,Sp. Saraf,Apotek berkat bersama,"Samarinda Ulu, Kota Samarinda",2025-05-23 15:15:23
dr. Yohanes Yanni Sp.N,Sp. Saraf,RS St. Carolus Salemba,"Senen, Jakarta Pusat",2025-05-23 15:15:23
dr. Yohanes Yanni Sp.S,Sp. Saraf,RS St. Carolus Salemba,"Senen, Jakarta Pusat",2025-05-23 15:15:23
dr. Yohannes Yanni Sp.N,Sp. Saraf,RS St. Carolus Salemba,"Senen, Jakarta Pusat",2025-05-23 15:15:23
Dr. Yudo Prabowo Sp.N,Sp. Saraf,halodoc,"Setiabudi, Jakarta Selatan",2025-05-23 15:15:23
"dr. Yulius Mandua, Sp.S",Sp. Saraf,Siloam Hospitals Balikpapan,"Balikpapan Selatan, Kota Balikpapan",2025-05-23 15:15:23
"dr. Zainuddin Arpandy, Sp.S",Sp. Saraf,Siloam Hospitals Banjarmasin,"Banjarmasin Tengah, Kota Banjarmasin",2025-05-23 15:15:23
dr David Sp.N,Sp. Saraf,halodoc,"Setiabudi, Jakarta Selatan",2025-05-23 15:15:25
"dr. Adline Natalia, Sp.N ,FIN, CIPS",Sp. Saraf,halodoc,"Setiabudi, Jakarta Selatan",2025-05-23 15:15:25
"dr. Aida Fitri, Sp.S(K)",Sp. Saraf,halodoc,"Setiabudi, Jakarta Selatan",2025-05-23 15:15:25
Dr. dr. Aida Fitrie Sp.S(K),Sp. Saraf,halodoc,"Setiabudi, Jakarta Selatan",2025-05-23 15:15:25
dr. B. Yudha Baskara Sp.N,Sp. Saraf,halodoc,"Setiabudi, Jakarta Selatan",2025-05-23 15:15:25
"dr. Celine Anindytha Pranata, Sp.N",Sp. Saraf,halodoc,"Setiabudi, Jakarta Selatan",2025-05-23 15:15:25
"dr. Cik Elber, SpN",Sp. Saraf,halodoc,"Setiabudi, Jakarta Selatan",2025-05-23 15:15:25
"dr. Denis Harli Siregar, M.Ked(Neu),Sp.N,FIN",Sp. Saraf,halodoc,"Setiabudi, Jakarta Selatan",2025-05-23 15:15:25
dr. Diah Utari Sp.S,Sp. Saraf,0,"Bekasi Selatan, Bekasi",2025-05-23 15:15:25
"dr. Harry Hartono, Sp.S",Sp. Saraf,halodoc,"Setiabudi, Jakarta Selatan",2025-05-23 15:15:25
"dr. Kolman Saragih, Sp.S",Sp. Saraf,halodoc,"Setiabudi, Jakarta Selatan",2025-05-23 15:15:27
"dr. Luh Ari Indrawati, SpN (K)",Sp. Saraf,halodoc,"Setiabudi, Jakarta Selatan",2025-05-23 15:15:27
"dr. Muchtar Machjudin, Sp. S",Sp. Saraf,halodoc,"Setiabudi, Jakarta Selatan",2025-05-23 15:15:27
"dr. Nita Kurniawati, Sp.S",Sp. Saraf,halodoc,"Setiabudi, Jakarta Selatan",2025-05-23 15:15:27
"dr. Nurul Fadhli, SpN",Sp. Saraf,halodoc,"Setiabudi, Jakarta Selatan",2025-05-23 15:15:27
"dr. Pascanus Lamsihar Parluhutan T., Sp.N",Sp. Saraf,halodoc,"Setiabudi, Jakarta Selatan",2025-05-23 15:15:27
"dr. Setiawan Sulisthio, Sp.N",Sp. Saraf,halodoc,"Setiabudi, Jakarta Selatan",2025-05-23 15:15:27
